{"stats":{"minecraft:crafted":{"minecraft:oak_planks":4},"minecraft:picked_up":{"minecraft:oak_log":1,"minecraft:wheat_seeds":1},"minecraft:mined":{"minecraft:tall_grass":1,"minecraft:grass":6,"minecraft:oak_log":2,"minecraft:moss_carpet":1,"minecraft:fern":2},"minecraft:custom":{"minecraft:jump":97,"minecraft:time_since_rest":5252,"minecraft:sprint_one_cm":11495,"minecraft:play_time":5252,"minecraft:damage_taken":110,"minecraft:time_since_death":5252,"minecraft:walk_one_cm":9348,"minecraft:sneak_time":1,"minecraft:total_world_time":5252,"minecraft:fall_one_cm":4039,"minecraft:fly_one_cm":15715}},"DataVersion":3465}