{"stats":{"minecraft:custom":{"minecraft:interact_with_furnace":8,"minecraft:mob_kills":9,"minecraft:interact_with_crafting_table":31,"minecraft:leave_game":1,"minecraft:time_since_death":51720,"minecraft:sleep_in_bed":1,"minecraft:climb_one_cm":196,"minecraft:time_since_rest":8258,"minecraft:sprint_one_cm":80903,"minecraft:damage_taken":420,"minecraft:walk_one_cm":136612,"minecraft:drop":10,"minecraft:damage_dealt":1473,"minecraft:swim_one_cm":5649,"minecraft:fly_one_cm":111204,"minecraft:open_chest":4,"minecraft:crouch_one_cm":128,"minecraft:play_time":51720,"tombstone:undead_killed":6,"minecraft:sneak_time":229,"minecraft:walk_under_water_one_cm":2648,"minecraft:boat_one_cm":69582,"minecraft:jump":983,"minecraft:walk_on_water_one_cm":3428,"minecraft:total_world_time":51720,"minecraft:fall_one_cm":15919},"minecraft:picked_up":{"minecraft:crafting_table":4,"minecraft:potato":2,"minecraft:oak_log":13,"minecraft:lapis_lazuli":1,"minecraft:dirt":29,"minecraft:moss_carpet":2,"minecraft:bone":1,"minecraft:stone_bricks":1,"minecraft:wheat_seeds":7,"minecraft:oak_boat":1,"minecraft:chest":2,"crittersandcompanions:clam":1,"minecraft:furnace":1,"minecraft:cooked_porkchop":2,"minecraft:chiseled_stone_bricks":1,"minecraft:torch":3,"minecraft:porkchop":3,"tombstone:grave_dust":2,"minecraft:white_bed":1,"minecraft:dead_bush":1,"minecraft:stone_sword":1,"minecraft:rotten_flesh":7,"crittersandcompanions:silk":4,"minecraft:mutton":2,"minecraft:coal":39,"minecraft:white_wool":2,"minecraft:cobblestone":40},"minecraft:crafted":{"minecraft:wooden_sword":1,"minecraft:oak_planks":48,"minecraft:crafting_table":1,"minecraft:wooden_pickaxe":1,"minecraft:furnace":1,"minecraft:air":0,"minecraft:cooked_mutton":2,"minecraft:oak_boat":1,"minecraft:stick":12,"minecraft:stone_pickaxe":1,"minecraft:stone_sword":2,"minecraft:white_bed":2,"minecraft:torch":8},"minecraft:used":{"minecraft:cooked_mutton":2,"minecraft:water_bucket":1,"minecraft:moss_carpet":2,"minecraft:stone_sword":58,"minecraft:stone_pickaxe":66,"minecraft:wooden_pickaxe":19,"minecraft:cooked_salmon":2,"minecraft:rotten_flesh":5,"minecraft:torch":14,"minecraft:crafting_table":4,"minecraft:white_bed":2,"minecraft:oak_log":1,"minecraft:bread":2,"minecraft:leather_helmet":1,"minecraft:stone_bricks":1,"minecraft:cobblestone":18,"minecraft:furnace":1,"minecraft:cooked_porkchop":1,"minecraft:bucket":2,"minecraft:oak_boat":1,"minecraft:potato":1},"minecraft:dropped":{"minecraft:wheat_seeds":4,"minecraft:lapis_lazuli":1,"minecraft:stone_sword":2,"minecraft:cooked_porkchop":1,"minecraft:torch":1,"minecraft:wooden_sword":1},"minecraft:mined":{"minecraft:white_bed":2,"minecraft:crafting_table":5,"minecraft:potted_dead_bush":1,"minecraft:chest":2,"minecraft:tall_grass":4,"minecraft:cobblestone":5,"minecraft:wall_torch":3,"minecraft:chiseled_stone_bricks":1,"minecraft:spawner":1,"minecraft:large_fern":1,"minecraft:furnace":2,"minecraft:moss_carpet":2,"minecraft:grass":34,"minecraft:coal_ore":36,"minecraft:oak_log":7,"crittersandcompanions:silk_cocoon":2,"minecraft:dirt":3,"minecraft:cobweb":1,"minecraft:stone":37,"minecraft:stone_bricks":1,"minecraft:fern":11},"minecraft:killed":{"minecraft:pig":1,"minecraft:zombie_villager":1,"minecraft:sheep":2,"minecraft:zombie":5}},"DataVersion":3465}