{"stats":{"minecraft:custom":{"minecraft:jump":62,"minecraft:time_since_rest":6202,"minecraft:damage_dealt":90,"minecraft:leave_game":7,"minecraft:play_time":6202,"minecraft:sprint_one_cm":4389,"minecraft:time_since_death":6202,"minecraft:walk_one_cm":9968,"minecraft:sneak_time":148,"minecraft:total_world_time":6202,"minecraft:fall_one_cm":1254,"minecraft:fly_one_cm":44795},"minecraft:used":{"minecraft:cow_spawn_egg":2},"minecraft:picked_up":{"minecraft:dirt":2},"minecraft:mined":{"minecraft:grass":4,"minecraft:grass_block":2}},"DataVersion":3465}