{"stats":{"minecraft:custom":{"minecraft:time_since_rest":15720,"minecraft:sprint_one_cm":23259,"minecraft:play_time":15720,"minecraft:damage_taken":160,"minecraft:walk_one_cm":39956,"minecraft:sneak_time":9,"minecraft:walk_under_water_one_cm":566,"minecraft:drop":5,"minecraft:jump":200,"minecraft:walk_on_water_one_cm":808,"minecraft:leave_game":1,"minecraft:time_since_death":15720,"minecraft:total_world_time":15720,"minecraft:interact_with_crafting_table":14,"minecraft:swim_one_cm":3059,"minecraft:fall_one_cm":5562,"minecraft:fly_one_cm":25962},"minecraft:picked_up":{"minecraft:crafting_table":1,"minecraft:wheat_seeds":7,"minecraft:oak_log":7,"minecraft:coal":1,"minecraft:lapis_lazuli":1,"minecraft:dirt":26,"minecraft:cobblestone":6,"minecraft:moss_carpet":2},"minecraft:crafted":{"minecraft:wooden_sword":1,"minecraft:oak_planks":24,"minecraft:torch":4,"minecraft:crafting_table":1,"minecraft:stick":8,"minecraft:wooden_pickaxe":1},"minecraft:used":{"minecraft:oak_log":1,"minecraft:torch":2,"minecraft:moss_carpet":2,"minecraft:crafting_table":2,"minecraft:wooden_pickaxe":6},"minecraft:dropped":{"minecraft:wheat_seeds":4,"minecraft:torch":1},"minecraft:mined":{"minecraft:large_fern":1,"minecraft:grass":24,"minecraft:coal_ore":1,"minecraft:oak_log":7,"minecraft:tall_grass":3,"minecraft:stone":5,"minecraft:crafting_table":1,"minecraft:moss_carpet":2,"minecraft:fern":11}},"DataVersion":3465}