{"stats":{"minecraft:custom":{"minecraft:interact_with_furnace":4,"minecraft:mob_kills":9,"minecraft:interact_with_crafting_table":26,"minecraft:leave_game":1,"minecraft:time_since_death":39720,"minecraft:time_since_rest":39720,"minecraft:sprint_one_cm":47317,"minecraft:damage_taken":420,"minecraft:walk_one_cm":108338,"minecraft:drop":10,"minecraft:damage_dealt":1441,"minecraft:swim_one_cm":3059,"minecraft:fly_one_cm":51242,"minecraft:open_chest":3,"minecraft:crouch_one_cm":96,"minecraft:play_time":39720,"tombstone:undead_killed":6,"minecraft:sneak_time":195,"minecraft:walk_under_water_one_cm":2189,"minecraft:boat_one_cm":69582,"minecraft:jump":596,"minecraft:walk_on_water_one_cm":2725,"minecraft:total_world_time":39720,"minecraft:fall_one_cm":9978},"minecraft:picked_up":{"minecraft:crafting_table":2,"minecraft:potato":2,"minecraft:oak_log":7,"minecraft:lapis_lazuli":1,"minecraft:dirt":29,"minecraft:moss_carpet":2,"minecraft:bone":1,"minecraft:stone_bricks":1,"minecraft:wheat_seeds":7,"minecraft:oak_boat":1,"minecraft:chest":2,"crittersandcompanions:clam":1,"minecraft:cooked_porkchop":2,"minecraft:chiseled_stone_bricks":1,"minecraft:torch":2,"minecraft:porkchop":3,"tombstone:grave_dust":2,"minecraft:dead_bush":1,"minecraft:stone_sword":1,"minecraft:rotten_flesh":7,"crittersandcompanions:silk":4,"minecraft:mutton":2,"minecraft:coal":38,"minecraft:white_wool":2,"minecraft:cobblestone":37},"minecraft:used":{"minecraft:water_bucket":1,"minecraft:moss_carpet":2,"minecraft:stone_sword":56,"minecraft:stone_pickaxe":61,"minecraft:wooden_pickaxe":18,"minecraft:rotten_flesh":5,"minecraft:torch":9,"minecraft:crafting_table":3,"minecraft:oak_log":1,"minecraft:bread":1,"minecraft:stone_bricks":1,"minecraft:cobblestone":11,"minecraft:furnace":1,"minecraft:cooked_porkchop":1,"minecraft:bucket":2,"minecraft:oak_boat":1,"minecraft:potato":1},"minecraft:crafted":{"minecraft:wooden_sword":1,"minecraft:oak_planks":24,"minecraft:crafting_table":1,"minecraft:wooden_pickaxe":1,"minecraft:furnace":1,"minecraft:oak_boat":1,"minecraft:stick":12,"minecraft:stone_pickaxe":1,"minecraft:stone_sword":2,"minecraft:torch":8},"minecraft:mined":{"minecraft:crafting_table":3,"minecraft:potted_dead_bush":1,"minecraft:chest":2,"minecraft:tall_grass":4,"minecraft:cobblestone":3,"minecraft:wall_torch":2,"minecraft:chiseled_stone_bricks":1,"minecraft:spawner":1,"minecraft:large_fern":1,"minecraft:furnace":1,"minecraft:moss_carpet":2,"minecraft:grass":34,"minecraft:coal_ore":36,"minecraft:oak_log":7,"crittersandcompanions:silk_cocoon":1,"minecraft:dirt":3,"minecraft:cobweb":1,"minecraft:stone":36,"minecraft:stone_bricks":1,"minecraft:fern":11},"minecraft:dropped":{"minecraft:wheat_seeds":4,"minecraft:lapis_lazuli":1,"minecraft:stone_sword":2,"minecraft:cooked_porkchop":1,"minecraft:torch":1,"minecraft:wooden_sword":1},"minecraft:killed":{"minecraft:pig":1,"minecraft:zombie_villager":1,"minecraft:sheep":2,"minecraft:zombie":5}},"DataVersion":3465}