{"stats":{"minecraft:crafted":{"minecraft:oak_planks":4},"minecraft:picked_up":{"minecraft:oak_log":5,"minecraft:wheat_seeds":4,"minecraft:moss_carpet":1},"minecraft:mined":{"minecraft:large_fern":1,"minecraft:tall_grass":2,"minecraft:grass":23,"minecraft:oak_log":5,"minecraft:moss_carpet":1,"minecraft:fern":11},"minecraft:custom":{"minecraft:jump":120,"minecraft:time_since_rest":10064,"minecraft:leave_game":1,"minecraft:sprint_one_cm":13197,"minecraft:play_time":10064,"minecraft:damage_taken":110,"minecraft:time_since_death":10064,"minecraft:walk_one_cm":19516,"minecraft:sneak_time":1,"minecraft:total_world_time":10064,"minecraft:fall_one_cm":4039,"minecraft:fly_one_cm":17524}},"DataVersion":3465}