{"stats":{"minecraft:custom":{"minecraft:time_since_rest":27720,"minecraft:interact_with_furnace":1,"minecraft:sprint_one_cm":41345,"minecraft:damage_taken":245,"minecraft:walk_one_cm":81913,"minecraft:mob_kills":5,"minecraft:drop":9,"minecraft:damage_dealt":898,"minecraft:swim_one_cm":3059,"minecraft:interact_with_crafting_table":24,"minecraft:fly_one_cm":39351,"minecraft:crouch_one_cm":59,"tombstone:undead_killed":4,"minecraft:play_time":27720,"minecraft:sneak_time":63,"minecraft:walk_under_water_one_cm":2189,"minecraft:jump":473,"minecraft:leave_game":1,"minecraft:time_since_death":27720,"minecraft:walk_on_water_one_cm":2428,"minecraft:total_world_time":27720,"minecraft:fall_one_cm":9233},"minecraft:picked_up":{"minecraft:crafting_table":2,"minecraft:torch":1,"minecraft:potato":1,"minecraft:porkchop":3,"minecraft:oak_log":7,"minecraft:lapis_lazuli":1,"minecraft:dirt":28,"minecraft:moss_carpet":2,"minecraft:stone_sword":1,"minecraft:bone":1,"minecraft:rotten_flesh":5,"minecraft:wheat_seeds":7,"crittersandcompanions:silk":4,"crittersandcompanions:clam":1,"minecraft:coal":4,"minecraft:cobblestone":34},"minecraft:crafted":{"minecraft:wooden_sword":1,"minecraft:oak_planks":24,"minecraft:crafting_table":1,"minecraft:stick":12,"minecraft:wooden_pickaxe":1,"minecraft:stone_pickaxe":1,"minecraft:stone_sword":2,"minecraft:furnace":1,"minecraft:torch":8},"minecraft:used":{"minecraft:oak_log":1,"minecraft:moss_carpet":2,"minecraft:stone_sword":21,"minecraft:stone_pickaxe":18,"minecraft:wooden_pickaxe":18,"minecraft:rotten_flesh":5,"minecraft:torch":2,"minecraft:crafting_table":3,"minecraft:furnace":1},"minecraft:dropped":{"minecraft:wheat_seeds":4,"minecraft:lapis_lazuli":1,"minecraft:stone_sword":2,"minecraft:torch":1,"minecraft:wooden_sword":1},"minecraft:mined":{"minecraft:large_fern":1,"minecraft:moss_carpet":2,"minecraft:crafting_table":2,"minecraft:grass":24,"minecraft:oak_log":7,"minecraft:coal_ore":2,"crittersandcompanions:silk_cocoon":1,"minecraft:dirt":2,"minecraft:tall_grass":3,"minecraft:stone":34,"minecraft:wall_torch":1,"minecraft:fern":11},"minecraft:killed":{"minecraft:zombie":3,"minecraft:pig":1,"minecraft:zombie_villager":1}},"DataVersion":3465}