{"stats":{"minecraft:custom":{"minecraft:interact_with_furnace":8,"minecraft:mob_kills":15,"minecraft:interact_with_crafting_table":33,"minecraft:leave_game":1,"minecraft:time_since_death":93720,"minecraft:sleep_in_bed":6,"minecraft:climb_one_cm":196,"minecraft:time_since_rest":620,"minecraft:sprint_one_cm":169605,"minecraft:damage_taken":633,"minecraft:walk_one_cm":194800,"minecraft:drop":19,"minecraft:damage_dealt":2152,"minecraft:talked_to_villager":1,"minecraft:swim_one_cm":5649,"minecraft:fly_one_cm":517125,"minecraft:open_chest":16,"minecraft:crouch_one_cm":390,"minecraft:play_time":93720,"tombstone:undead_killed":7,"minecraft:sneak_time":843,"minecraft:walk_under_water_one_cm":2648,"minecraft:boat_one_cm":116016,"minecraft:jump":1626,"minecraft:walk_on_water_one_cm":3854,"minecraft:total_world_time":93720,"minecraft:fall_one_cm":43313},"minecraft:picked_up":{"minecraft:crafting_table":5,"minecraft:leather":3,"minecraft:potato":2,"minecraft:gold_block":1,"minecraft:stone_brick_stairs":2,"minecraft:oak_log":13,"minecraft:lapis_lazuli":1,"minecraft:dirt":30,"minecraft:moss_carpet":2,"minecraft:bone":1,"minecraft:stone_bricks":1,"minecraft:wheat_seeds":8,"minecraft:beef":5,"minecraft:oak_boat":2,"minecraft:chest":2,"crittersandcompanions:clam":1,"minecraft:furnace":1,"minecraft:raw_iron":2,"minecraft:cooked_porkchop":2,"minecraft:chiseled_stone_bricks":1,"minecraft:torch":3,"minecraft:porkchop":7,"tombstone:grave_dust":2,"minecraft:white_bed":5,"minecraft:dead_bush":1,"minecraft:stone_sword":1,"minecraft:rotten_flesh":7,"crittersandcompanions:silk":4,"minecraft:mutton":5,"minecraft:coal":39,"minecraft:white_wool":4,"minecraft:cobblestone":40},"minecraft:crafted":{"minecraft:wooden_sword":1,"minecraft:oak_planks":48,"minecraft:crafting_table":1,"minecraft:wooden_pickaxe":1,"minecraft:furnace":1,"minecraft:air":0,"minecraft:cooked_mutton":2,"minecraft:oak_boat":1,"minecraft:stick":12,"minecraft:iron_pickaxe":1,"minecraft:stone_pickaxe":1,"minecraft:stone_sword":2,"minecraft:white_bed":2,"minecraft:torch":8},"minecraft:used":{"minecraft:cooked_mutton":2,"minecraft:water_bucket":2,"minecraft:moss_carpet":2,"minecraft:stone_sword":81,"minecraft:flint_and_steel":1,"minecraft:stone_pickaxe":73,"minecraft:wooden_pickaxe":21,"minecraft:cooked_salmon":6,"minecraft:rotten_flesh":5,"minecraft:white_wool":1,"minecraft:torch":18,"minecraft:dirt":2,"minecraft:crafting_table":5,"minecraft:white_bed":6,"minecraft:obsidian":1,"minecraft:oak_log":1,"minecraft:bread":2,"minecraft:iron_pickaxe":1,"minecraft:leather_helmet":1,"minecraft:golden_leggings":1,"minecraft:stone_bricks":1,"minecraft:cobblestone":18,"minecraft:furnace":1,"minecraft:cooked_porkchop":1,"minecraft:bucket":8,"minecraft:oak_boat":2,"minecraft:potato":1,"minecraft:powder_snow_bucket":5},"minecraft:dropped":{"minecraft:wheat_seeds":8,"minecraft:lapis_lazuli":1,"minecraft:stone_sword":2,"minecraft:cooked_porkchop":1,"minecraft:leather_helmet":1,"minecraft:dirt":1,"minecraft:torch":2,"minecraft:dead_bush":1,"minecraft:wooden_sword":1,"minecraft:stone_pickaxe":1,"minecraft:stone_brick_stairs":1,"minecraft:bone":7},"minecraft:mined":{"minecraft:white_bed":6,"minecraft:candle":1,"minecraft:crafting_table":6,"minecraft:potted_dead_bush":2,"minecraft:grass_block":1,"minecraft:chest":2,"minecraft:tall_grass":6,"minecraft:cobblestone":5,"minecraft:wall_torch":3,"minecraft:chiseled_stone_bricks":1,"minecraft:spawner":2,"minecraft:large_fern":1,"minecraft:furnace":2,"minecraft:fire":1,"minecraft:iron_ore":2,"minecraft:moss_carpet":2,"minecraft:gold_block":1,"minecraft:stone_brick_stairs":2,"minecraft:grass":37,"minecraft:coal_ore":36,"minecraft:oak_log":7,"crittersandcompanions:silk_cocoon":2,"minecraft:dirt":3,"minecraft:cobweb":1,"minecraft:stone":37,"minecraft:stone_bricks":1,"minecraft:mossy_stone_bricks":1,"minecraft:fern":14},"minecraft:killed":{"minecraft:pig":3,"minecraft:zombie_villager":1,"minecraft:sheep":3,"minecraft:zombie":6,"minecraft:cow":2}},"DataVersion":3465}