{"stats":{"minecraft:mined":{"minecraft:grass":2,"minecraft:grass_block":2},"minecraft:used":{"minecraft:dirt":2},"minecraft:custom":{"minecraft:jump":45,"minecraft:time_since_rest":3164,"minecraft:leave_game":8,"minecraft:play_time":3164,"minecraft:sprint_one_cm":3853,"minecraft:time_since_death":3164,"minecraft:walk_one_cm":3141,"minecraft:total_world_time":3164,"minecraft:fall_one_cm":1254,"minecraft:drop":1,"minecraft:fly_one_cm":8517},"minecraft:picked_up":{"minecraft:wheat_seeds":1,"minecraft:dirt":2},"minecraft:dropped":{"minecraft:wheat_seeds":1}},"DataVersion":3465}