{"stats":{"minecraft:custom":{"minecraft:jump":95,"minecraft:time_since_rest":12764,"minecraft:walk_on_water_one_cm":3605,"minecraft:damage_taken":200,"minecraft:leave_game":1,"minecraft:crouch_one_cm":43,"minecraft:play_time":12764,"minecraft:sprint_one_cm":11556,"minecraft:time_since_death":12764,"minecraft:walk_one_cm":32425,"minecraft:sneak_time":14,"minecraft:total_world_time":12764,"minecraft:fall_one_cm":2847,"minecraft:fly_one_cm":3822},"minecraft:picked_up":{"minecraft:oak_log":6,"minecraft:torch":1,"minecraft:wheat_seeds":4},"minecraft:mined":{"minecraft:grass_block":1,"minecraft:oak_log":6,"minecraft:dirt":1}},"DataVersion":3465}