{"stats":{"minecraft:picked_up":{"minecraft:oak_log":3},"minecraft:mined":{"minecraft:oak_log":3},"minecraft:custom":{"minecraft:jump":28,"minecraft:time_since_rest":7175,"minecraft:leave_game":1,"minecraft:crouch_one_cm":43,"minecraft:sprint_one_cm":851,"minecraft:play_time":7175,"minecraft:damage_taken":40,"minecraft:time_since_death":7175,"minecraft:walk_one_cm":18186,"minecraft:sneak_time":4,"minecraft:total_world_time":7175,"minecraft:fall_one_cm":1531,"minecraft:fly_one_cm":248}},"DataVersion":3465}