{"stats":{"minecraft:custom":{"minecraft:time_since_rest":6169,"minecraft:interact_with_furnace":1,"minecraft:sprint_one_cm":99782,"minecraft:damage_taken":398,"minecraft:walk_one_cm":268887,"minecraft:mob_kills":14,"minecraft:drop":8,"minecraft:damage_dealt":1302,"minecraft:swim_one_cm":2078,"minecraft:interact_with_crafting_table":1,"minecraft:fly_one_cm":54523,"minecraft:open_chest":6,"minecraft:crouch_one_cm":353,"minecraft:play_time":76734,"tombstone:undead_killed":2,"minecraft:sneak_time":55,"minecraft:walk_under_water_one_cm":1229,"minecraft:boat_one_cm":568914,"minecraft:jump":840,"minecraft:leave_game":2,"minecraft:walk_on_water_one_cm":9600,"minecraft:time_since_death":76734,"minecraft:sleep_in_bed":3,"minecraft:total_world_time":76734,"minecraft:fall_one_cm":17007},"minecraft:picked_up":{"minecraft:crafting_table":1,"minecraft:feather":2,"minecraft:chicken":3,"minecraft:cooked_porkchop":1,"minecraft:flower_pot":2,"minecraft:leather":4,"minecraft:torch":2,"minecraft:porkchop":3,"minecraft:oak_log":6,"minecraft:ink_sac":1,"minecraft:dead_bush":1,"minecraft:white_bed":3,"minecraft:dirt":19,"minecraft:spider_eye":1,"minecraft:lapis_lazuli":1,"minecraft:string":7,"minecraft:wooden_sword":1,"minecraft:stone_sword":1,"minecraft:bone":7,"minecraft:rotten_flesh":3,"minecraft:candle":3,"minecraft:wheat_seeds":10,"minecraft:beef":2,"minecraft:stone_pickaxe":1,"minecraft:mossy_stone_bricks":1,"minecraft:mutton":7,"minecraft:coal":1,"minecraft:white_wool":6,"minecraft:cobblestone":1,"minecraft:furnace":1},"minecraft:crafted":{"minecraft:cooked_porkchop":3},"minecraft:used":{"minecraft:stone_sword":78,"minecraft:chicken":2,"minecraft:bread":6,"minecraft:white_wool":1,"minecraft:beef":1,"minecraft:crafting_table":1,"minecraft:furnace":1,"minecraft:cooked_porkchop":1,"minecraft:white_bed":2},"minecraft:dropped":{"minecraft:oak_log":6,"minecraft:cooked_porkchop":2},"minecraft:mined":{"minecraft:white_bed":2,"minecraft:powder_snow":13,"minecraft:grass":12,"minecraft:grass_block":7,"minecraft:oak_log":6,"minecraft:dirt":14,"minecraft:cobweb":4,"minecraft:tall_grass":2,"minecraft:white_wool":2,"minecraft:fern":3},"minecraft:killed":{"minecraft:sheep":3,"minecraft:zombie":1,"minecraft:pig":2,"minecraft:chicken":3,"minecraft:spider":1,"minecraft:drowned":1,"minecraft:cow":2}},"DataVersion":3465}