{"stats":{"minecraft:custom":{"minecraft:time_since_rest":36764,"minecraft:interact_with_furnace":1,"minecraft:sprint_one_cm":21966,"minecraft:damage_taken":294,"minecraft:walk_one_cm":115989,"minecraft:mob_kills":9,"minecraft:drop":2,"minecraft:damage_dealt":837,"minecraft:interact_with_crafting_table":1,"minecraft:fly_one_cm":7739,"minecraft:open_chest":2,"minecraft:crouch_one_cm":114,"minecraft:play_time":36764,"tombstone:undead_killed":1,"minecraft:sneak_time":34,"minecraft:walk_under_water_one_cm":831,"minecraft:boat_one_cm":64935,"minecraft:jump":361,"minecraft:leave_game":1,"minecraft:walk_on_water_one_cm":8408,"minecraft:time_since_death":36764,"minecraft:total_world_time":36764,"minecraft:fall_one_cm":5208},"minecraft:picked_up":{"minecraft:crafting_table":1,"minecraft:feather":2,"minecraft:chicken":3,"minecraft:cooked_porkchop":1,"minecraft:flower_pot":1,"minecraft:leather":2,"minecraft:torch":1,"minecraft:oak_log":6,"minecraft:ink_sac":1,"minecraft:spider_eye":1,"minecraft:lapis_lazuli":1,"minecraft:string":4,"minecraft:wooden_sword":1,"minecraft:stone_sword":1,"minecraft:rotten_flesh":1,"minecraft:wheat_seeds":5,"minecraft:beef":1,"minecraft:mutton":5,"minecraft:coal":1,"minecraft:white_wool":3,"minecraft:cobblestone":1,"minecraft:furnace":1},"minecraft:crafted":{"minecraft:cooked_porkchop":3},"minecraft:used":{"minecraft:stone_sword":40,"minecraft:chicken":2,"minecraft:beef":1,"minecraft:crafting_table":1,"minecraft:cooked_porkchop":1},"minecraft:mined":{"minecraft:grass":11,"minecraft:grass_block":1,"minecraft:oak_log":6,"minecraft:dirt":1,"minecraft:cobweb":1,"minecraft:tall_grass":2,"minecraft:fern":1},"minecraft:dropped":{"minecraft:cooked_porkchop":2},"minecraft:killed":{"minecraft:sheep":3,"minecraft:chicken":3,"minecraft:spider":1,"minecraft:drowned":1,"minecraft:cow":1}},"DataVersion":3465}