{"stats":{"minecraft:custom":{"minecraft:time_since_rest":8258,"minecraft:interact_with_furnace":1,"minecraft:sprint_one_cm":45826,"minecraft:damage_taken":364,"minecraft:walk_one_cm":176543,"minecraft:mob_kills":10,"minecraft:drop":8,"minecraft:damage_dealt":1003,"minecraft:swim_one_cm":2078,"minecraft:interact_with_crafting_table":1,"minecraft:fly_one_cm":24097,"minecraft:open_chest":3,"minecraft:crouch_one_cm":190,"minecraft:play_time":48764,"tombstone:undead_killed":2,"minecraft:sneak_time":40,"minecraft:walk_under_water_one_cm":935,"minecraft:boat_one_cm":64935,"minecraft:jump":624,"minecraft:leave_game":1,"minecraft:walk_on_water_one_cm":9400,"minecraft:time_since_death":48764,"minecraft:sleep_in_bed":1,"minecraft:total_world_time":48764,"minecraft:fall_one_cm":8460},"minecraft:picked_up":{"minecraft:crafting_table":1,"minecraft:feather":2,"minecraft:chicken":3,"minecraft:cooked_porkchop":1,"minecraft:flower_pot":1,"minecraft:leather":2,"minecraft:torch":1,"minecraft:oak_log":6,"minecraft:ink_sac":1,"minecraft:white_bed":1,"minecraft:spider_eye":1,"minecraft:lapis_lazuli":1,"minecraft:string":4,"minecraft:wooden_sword":1,"minecraft:stone_sword":1,"minecraft:rotten_flesh":3,"minecraft:wheat_seeds":9,"minecraft:beef":1,"minecraft:mutton":5,"minecraft:coal":1,"minecraft:white_wool":3,"minecraft:cobblestone":1,"minecraft:furnace":1},"minecraft:crafted":{"minecraft:cooked_porkchop":3},"minecraft:used":{"minecraft:stone_sword":48,"minecraft:chicken":2,"minecraft:bread":5,"minecraft:beef":1,"minecraft:crafting_table":1,"minecraft:furnace":1,"minecraft:cooked_porkchop":1},"minecraft:mined":{"minecraft:grass":11,"minecraft:grass_block":1,"minecraft:oak_log":6,"minecraft:dirt":1,"minecraft:cobweb":1,"minecraft:tall_grass":2,"minecraft:fern":1},"minecraft:dropped":{"minecraft:oak_log":6,"minecraft:cooked_porkchop":2},"minecraft:killed":{"minecraft:sheep":3,"minecraft:zombie":1,"minecraft:chicken":3,"minecraft:spider":1,"minecraft:drowned":1,"minecraft:cow":1}},"DataVersion":3465}