{"stats":{"minecraft:mined":{"minecraft:white_bed":4,"minecraft:powder_snow":13,"minecraft:grass_block":7,"minecraft:melon":1,"minecraft:tall_grass":3,"minecraft:grass":16,"minecraft:oak_log":6,"minecraft:dirt":16,"minecraft:cobweb":4,"minecraft:bamboo":1,"minecraft:white_wool":2,"minecraft:fern":5},"minecraft:picked_up":{"minecraft:pink_petals":116,"minecraft:crafting_table":1,"minecraft:feather":2,"minecraft:chicken":3,"minecraft:flower_pot":2,"minecraft:leather":4,"minecraft:oak_log":6,"minecraft:lapis_lazuli":1,"minecraft:string":7,"minecraft:dirt":19,"minecraft:wooden_sword":1,"minecraft:bone":7,"minecraft:wheat_seeds":26,"minecraft:candle":3,"minecraft:beef":4,"minecraft:stone_pickaxe":1,"minecraft:poppy":1,"minecraft:mossy_stone_bricks":1,"minecraft:bamboo":37,"minecraft:melon_slice":5,"minecraft:furnace":1,"minecraft:cooked_porkchop":1,"minecraft:torch":2,"minecraft:dandelion":5,"minecraft:porkchop":3,"minecraft:ink_sac":1,"minecraft:white_bed":5,"minecraft:dead_bush":1,"minecraft:spider_eye":1,"minecraft:stone_sword":1,"minecraft:rotten_flesh":4,"minecraft:golden_apple":1,"minecraft:mutton":7,"minecraft:coal":1,"minecraft:white_wool":6,"minecraft:cobblestone":1,"minecraft:oxeye_daisy":1},"minecraft:dropped":{"minecraft:wheat_seeds":10,"minecraft:oak_log":6,"minecraft:cooked_porkchop":2,"minecraft:ink_sac":1},"minecraft:killed":{"minecraft:pig":2,"minecraft:spider":1,"minecraft:sheep":3,"minecraft:zombie":3,"minecraft:chicken":3,"minecraft:drowned":1,"minecraft:cow":3},"minecraft:used":{"minecraft:stone_sword":110,"minecraft:iron_sword":4,"minecraft:white_wool":1,"minecraft:torch":8,"minecraft:dirt":4,"minecraft:crafting_table":1,"minecraft:white_bed":5,"minecraft:black_bed":1,"minecraft:apple":4,"minecraft:grass_block":28,"minecraft:chicken":2,"minecraft:bread":6,"minecraft:melon_slice":5,"minecraft:pink_petals":1,"minecraft:cobblestone":1,"minecraft:beef":1,"minecraft:furnace":1,"minecraft:cooked_porkchop":2,"minecraft:potato":11},"minecraft:custom":{"minecraft:interact_with_furnace":1,"minecraft:mob_kills":17,"minecraft:interact_with_crafting_table":1,"minecraft:leave_game":3,"minecraft:time_since_death":132522,"minecraft:sleep_in_bed":6,"minecraft:climb_one_cm":2030,"minecraft:time_since_rest":13086,"minecraft:sprint_one_cm":149837,"minecraft:damage_taken":817,"minecraft:walk_one_cm":401423,"minecraft:drop":10,"minecraft:damage_dealt":1869,"minecraft:swim_one_cm":2327,"minecraft:fly_one_cm":241804,"minecraft:open_chest":16,"minecraft:crouch_one_cm":908,"minecraft:play_time":132522,"tombstone:undead_killed":4,"minecraft:sneak_time":546,"minecraft:walk_under_water_one_cm":13421,"minecraft:boat_one_cm":623575,"minecraft:jump":1424,"minecraft:walk_on_water_one_cm":17306,"minecraft:total_world_time":132522,"minecraft:fall_one_cm":27199},"minecraft:crafted":{"minecraft:cooked_porkchop":3}},"DataVersion":3465}