{"stats":{"minecraft:custom":{"minecraft:time_since_rest":24764,"tombstone:undead_killed":1,"minecraft:crouch_one_cm":43,"minecraft:sprint_one_cm":19003,"minecraft:play_time":24764,"minecraft:damage_taken":230,"minecraft:walk_one_cm":80890,"minecraft:sneak_time":28,"minecraft:walk_under_water_one_cm":604,"minecraft:mob_kills":5,"minecraft:jump":298,"minecraft:damage_dealt":420,"minecraft:leave_game":1,"minecraft:time_since_death":24764,"minecraft:walk_on_water_one_cm":7205,"minecraft:total_world_time":24764,"minecraft:fall_one_cm":4728,"minecraft:fly_one_cm":6158},"minecraft:picked_up":{"minecraft:feather":2,"minecraft:wooden_sword":1,"minecraft:stone_sword":1,"minecraft:chicken":3,"minecraft:leather":2,"minecraft:wheat_seeds":4,"minecraft:torch":1,"minecraft:beef":1,"minecraft:oak_log":6,"minecraft:ink_sac":1,"minecraft:lapis_lazuli":1,"minecraft:cobblestone":1},"minecraft:used":{"minecraft:stone_sword":15,"minecraft:beef":1,"minecraft:chicken":2},"minecraft:mined":{"minecraft:grass":1,"minecraft:oak_log":6,"minecraft:grass_block":1,"minecraft:dirt":1,"minecraft:tall_grass":1,"minecraft:fern":1},"minecraft:killed":{"minecraft:drowned":1,"minecraft:chicken":3,"minecraft:cow":1}},"DataVersion":3465}