{"stats":{"minecraft:custom":{"minecraft:time_since_rest":12620,"minecraft:interact_with_furnace":1,"minecraft:sprint_one_cm":119906,"minecraft:damage_taken":488,"minecraft:walk_one_cm":309428,"minecraft:mob_kills":17,"minecraft:drop":10,"minecraft:damage_dealt":1869,"minecraft:interact_with_crafting_table":1,"minecraft:swim_one_cm":2327,"minecraft:fly_one_cm":81982,"minecraft:open_chest":11,"minecraft:play_time":93858,"minecraft:crouch_one_cm":418,"tombstone:undead_killed":4,"minecraft:sneak_time":60,"minecraft:walk_under_water_one_cm":9091,"minecraft:boat_one_cm":597517,"minecraft:jump":1064,"minecraft:leave_game":2,"minecraft:time_since_death":93858,"minecraft:walk_on_water_one_cm":13583,"minecraft:sleep_in_bed":4,"minecraft:climb_one_cm":2006,"minecraft:total_world_time":93858,"minecraft:fall_one_cm":19993},"minecraft:picked_up":{"minecraft:crafting_table":1,"minecraft:feather":2,"minecraft:chicken":3,"minecraft:cooked_porkchop":1,"minecraft:flower_pot":2,"minecraft:leather":4,"minecraft:torch":2,"minecraft:porkchop":3,"minecraft:oak_log":6,"minecraft:ink_sac":1,"minecraft:white_bed":4,"minecraft:dead_bush":1,"minecraft:lapis_lazuli":1,"minecraft:spider_eye":1,"minecraft:dirt":19,"minecraft:string":7,"minecraft:wooden_sword":1,"minecraft:stone_sword":1,"minecraft:bone":7,"minecraft:rotten_flesh":4,"minecraft:wheat_seeds":10,"minecraft:candle":3,"minecraft:beef":4,"minecraft:stone_pickaxe":1,"minecraft:mossy_stone_bricks":1,"minecraft:melon_slice":5,"minecraft:mutton":7,"minecraft:coal":1,"minecraft:white_wool":6,"minecraft:cobblestone":1,"minecraft:furnace":1},"minecraft:crafted":{"minecraft:cooked_porkchop":3},"minecraft:used":{"minecraft:stone_sword":109,"minecraft:chicken":2,"minecraft:bread":6,"minecraft:iron_sword":4,"minecraft:torch":2,"minecraft:white_wool":1,"minecraft:dirt":4,"minecraft:cobblestone":1,"minecraft:beef":1,"minecraft:crafting_table":1,"minecraft:furnace":1,"minecraft:cooked_porkchop":2,"minecraft:white_bed":3,"minecraft:potato":11},"minecraft:dropped":{"minecraft:wheat_seeds":10,"minecraft:ink_sac":1,"minecraft:oak_log":6,"minecraft:cooked_porkchop":2},"minecraft:mined":{"minecraft:white_bed":3,"minecraft:powder_snow":13,"minecraft:grass":14,"minecraft:grass_block":7,"minecraft:oak_log":6,"minecraft:melon":1,"minecraft:dirt":16,"minecraft:cobweb":4,"minecraft:tall_grass":3,"minecraft:bamboo":1,"minecraft:white_wool":2,"minecraft:fern":5},"minecraft:killed":{"minecraft:sheep":3,"minecraft:zombie":3,"minecraft:pig":2,"minecraft:chicken":3,"minecraft:spider":1,"minecraft:drowned":1,"minecraft:cow":3}},"DataVersion":3465}