{"stats":{"minecraft:used":{"minecraft:dirt":1},"minecraft:custom":{"minecraft:jump":28,"minecraft:time_since_rest":3024,"minecraft:damage_taken":60,"minecraft:leave_game":5,"minecraft:play_time":3024,"minecraft:sprint_one_cm":975,"minecraft:time_since_death":3024,"minecraft:walk_on_water_one_cm":239,"minecraft:walk_one_cm":4595,"minecraft:total_world_time":3024,"minecraft:climb_one_cm":12,"minecraft:fall_one_cm":1229,"minecraft:drop":1,"minecraft:fly_one_cm":1140},"minecraft:dropped":{"minecraft:wheat_seeds":1},"minecraft:mined":{"minecraft:grass":3,"minecraft:grass_block":2,"minecraft:oak_leaves":2},"minecraft:picked_up":{"minecraft:wheat_seeds":1,"minecraft:dirt":2}},"DataVersion":3465}