{"stats":{"minecraft:used":{"minecraft:dirt":1},"minecraft:custom":{"minecraft:jump":23,"minecraft:time_since_rest":2443,"minecraft:damage_taken":60,"minecraft:leave_game":4,"minecraft:play_time":2443,"minecraft:sprint_one_cm":958,"minecraft:time_since_death":2443,"minecraft:walk_on_water_one_cm":239,"minecraft:walk_one_cm":3922,"minecraft:total_world_time":2443,"minecraft:climb_one_cm":12,"minecraft:drop":1,"minecraft:fall_one_cm":1020,"minecraft:fly_one_cm":1140},"minecraft:dropped":{"minecraft:wheat_seeds":1},"minecraft:mined":{"minecraft:grass":3,"minecraft:grass_block":1,"minecraft:oak_leaves":2},"minecraft:picked_up":{"minecraft:wheat_seeds":1,"minecraft:dirt":1}},"DataVersion":3465}