{"stats":{"minecraft:used":{"minecraft:dirt":1},"minecraft:custom":{"minecraft:jump":13,"minecraft:time_since_rest":1547,"minecraft:walk_on_water_one_cm":239,"minecraft:sprint_one_cm":819,"minecraft:leave_game":2,"minecraft:play_time":1547,"minecraft:damage_taken":60,"minecraft:time_since_death":1547,"minecraft:walk_one_cm":1569,"minecraft:climb_one_cm":12,"minecraft:total_world_time":1547,"minecraft:fall_one_cm":1020,"minecraft:fly_one_cm":479},"minecraft:mined":{"minecraft:grass_block":1},"minecraft:picked_up":{"minecraft:dirt":1}},"DataVersion":3465}